imputer,missing_rate,mse,mae
sklearn-hgbt-cpu,0.1,427.5036732205372,8.184894752390592
