{
  "rows_total": 25359,
  "rows_with_known_target": 25359,
  "rows_with_missing_applied": 1268,
  "missing_rate": 0.05,
  "mae": 9684.714309251302,
  "rmse": 24780.748302402393,
  "r2": 0.8308960303565631,
  "mae_std": 77.36544219524961,
  "rmse_std": 278.58815796309904,
  "r2_std": 0.0024180863549486072,
  "cv_folds": 3,
  "input": "data/processed/muestra_50k_con_co2.csv",
  "output": "data/processed/muestra_50k_co2_imputado.csv",
  "model_output": "artifacts/models/co2_model.joblib"
}