{
  "rows_total": 49999,
  "rows_with_known_target": 25359,
  "rows_with_missing_target": 24640,
  "mae": 10.024002940651158,
  "rmse": 22.85226444239863,
  "r2": 0.8589252885478582,
  "input": "muestra_50k.csv",
  "output": "muestra_50k_co2_imputado.csv",
  "model_output": "co2_model.joblib"
}