{
  "rows_total": 25359,
  "rows_with_known_target": 25359,
  "rows_with_missing_applied": 5072,
  "missing_rate": 0.2,
  "mae": 9457.842704315055,
  "rmse": 24176.92740159277,
  "r2": 0.8383154891087425,
  "mae_std": 561.193394354963,
  "rmse_std": 1755.0459356859508,
  "r2_std": 0.020595149143568522,
  "cv_folds": 5,
  "input": "data/processed/muestra_50k_con_co2.csv",
  "output": "data/processed/muestra_50k_co2_imputado.csv",
  "simplified_output": "data/processed/datos_simpl.csv",
  "rows_in_simplified_output": 5072,
  "model_output": "artifacts/models/co2_model.joblib"
}