{
  "rows_total": 25359,
  "rows_with_known_target": 25359,
  "rows_with_missing_applied": 7608,
  "missing_rate": 0.3,
  "mae": 9.762893376448451,
  "rmse": 25.468663341419337,
  "r2": 0.8226806232608306,
  "mae_std": 0.37223090904100853,
  "rmse_std": 2.381586104997961,
  "r2_std": 0.02614724951885409,
  "cv_folds": 5,
  "input": "data/processed/muestra_50k_con_co2.csv",
  "output": "data/processed/muestra_50k_co2_imputado.csv",
  "simplified_output": "data/processed/datos_simpl.csv",
  "rows_in_simplified_output": 7608,
  "model_output": "artifacts/models/co2_model.joblib"
}